{
  "geSSOPage": {
    "logo": {
      "locatorType": "xpath",
      "locatorValue": "/html/body/div[1]/div[1]/div/div[1]/img"
    },
    "username": {
      "locatorType": "id",
      "locatorValue": "username"
    },
    "password": {
      "locatorType": "id",
      "locatorValue": "password"
    }
  },
  "loginPage": {
    "username": {
      "locatorType": "name",
      "locatorValue": "username"
    },
    "password": {
      "locatorType": "name",
      "locatorValue": "password"
    },
    "signInButton": {
      "locatorType": "css",
      "locatorValue": ".island-button"
    }
  },
  "loginUnified": {
    "username": {
      "locatorType": "name",
      "locatorValue": "username"
    },
    "password": {
      "locatorType": "name",
      "locatorValue": "password"
    },
    "signin": {
      "locatorType": "xpath",
      "locatorValue": "//input[@value='Sign in']"
    },
    "database": {
      "locatorType": "xpath",
      "locatorValue": "//select"
    },
    "logoutButton": {
      "locatorType": "linkText",
      "locatorValue": "Sign Out"
    }
  },
  "navigation": {
    "mnuHealth": {
      "locatorType": "xpath",
      "locatorValue": "//div[@class='left-nav-main-menu']//a[text()='Health']"
    },
    "lnkHealthAlertTemplates": {
      "locatorType": "xpath",
      "locatorValue": "//div[@class='left-subnav']//span[text()='Alert Templates']"
    },
    "titleHealthAlertTemplates": {
      "locatorType": "xpath",
      "locatorValue": "//li[@class='test-border short-border active' and @title='Alert Templates']"
    },
    "lnkHealthAlerts": {
      "locatorType": "xpath",
      "locatorValue": "//div[@class='left-subnav']//span[text()='Alerts']"
    },
    "titleHealthAlerts": {
      "locatorType": "xpath",
      "locatorValue": "//li[@class='test-border short-border active' and @title='Alerts']"
    },
    "lnkHealthAMSAnalytics": {
      "locatorType": "xpath",
      "locatorValue": "//div[@class='left-subnav']//span[text()='AMS Analytics']"
    },
    "titleHealthAMSAnalytics": {
      "locatorType": "xpath",
      "locatorValue": "//h1[text()='AMS Analytics Overview']"
    },
    "lnkHealthAnalysis": {
      "locatorType": "xpath",
      "locatorValue": "//div[@class='left-subnav']//span[text()='Analysis']"
    },
    "titleHealthAnalysis": {
      "locatorType": "xpath",
      "locatorValue": "//li[@class='test-border short-border active' and @title='Analysis']"
    },
    "lnkHealthAssetCriticalityAnalysis": {
      "locatorType": "xpath",
      "locatorValue": "//div[@class='left-subnav']//span[text()='Asset Criticality Analysis']"
    },
    "titleHealthAssetCriticalityAnalysis": {
      "locatorType": "xpath",
      "locatorValue": "//h1[text()='Asset Criticality Analysis']"
    },
    "lnkHealthAssetHealthManager": {
      "locatorType": "xpath",
      "locatorValue": "//div[@class='left-subnav']//span[text()='Asset Health Manager']"
    },
    "titleHealthAssetHealthManager": {
      "locatorType": "xpath",
      "locatorValue": "//h1[text()='Asset Health Manager Overview']"
    },
    "lnkHealthAssets": {
      "locatorType": "xpath",
      "locatorValue": "//div[@class='left-subnav']//span[text()='Assets']"
    },
    "titleHealthAssets": {
      "locatorType": "xpath",
      "locatorValue": "//li[@class='test-border short-border active' and @title='Assets']"
    },
    "lnkHealthAssetsAssetInstances": {
      "locatorType": "xpath",
      "locatorValue": "//div[@class='left-subnav']//span[text()='Asset Instances']"
    },
    "titleHealthAssetsAssetInstances": {
      "locatorType": "xpath",
      "locatorValue": "//li[@class='test-border short-border active' and @title='Assets']"
    },
    "lnkHealthAssetsGroups": {
      "locatorType": "xpath",
      "locatorValue": "//div[@class='left-subnav']//span[text()='Groups']"
    },
    "titleHealthAssetsGroups": {
      "locatorType": "xpath",
      "locatorValue": "//li[@class='test-border short-border active' and @title='Assets']"
    },
    "lnkHealthAssetsClassifications": {
      "locatorType": "xpath",
      "locatorValue": "//div[@class='left-subnav']//span[text()='Classifications']"
    },
    "titleHealthAssetsClassifications": {
      "locatorType": "xpath",
      "locatorValue": "//li[@class='test-border short-border active' and @title='Assets']"
    },
    "lnkHealthAssetsSearch": {
      "locatorType": "xpath",
      "locatorValue": "//div[@class='left-subnav']//span[text()='Search']"
    },
    "titleHealthAssetsSearch": {
      "locatorType": "xpath",
      "locatorValue": "//li[@class='test-border short-border active' and @title='Assets']"
    },
    "lnkHealthCalibrationManagement": {
      "locatorType": "xpath",
      "locatorValue": "//span[text()='Calibration Management']"
    },
    "titleHealthCalibrationManagement": {
      "locatorType": "xpath",
      "locatorValue": "//h1[@title='Calibration Management Overview']"
    },
    "lnkHealtheLog": {
      "locatorType": "xpath",
      "locatorValue": "//div[@class='left-subnav']//span[text()='eLog']"
    },
    "titleHealtheLog": {
      "locatorType": "xpath",
      "locatorValue": "//h1[text()='eLog Overview']"
    },
    "lnkHealthGEAnalytics": {
      "locatorType": "xpath",
      "locatorValue": "//div[@class='left-subnav']//span[text()='GE Analytics']"
    },
    "titleHealthGEAnalytics": {
      "locatorType": "xpath",
      "locatorValue": "//h1[text()='GE Analytics Overview']"
    },
    "lnkHealthRecommendationManagement": {
      "locatorType": "xpath",
      "locatorValue": "//div[@class='left-subnav']//span[text()='Recommendation Management']"
    },
    "titleHealthRecommendationManagement": {
      "locatorType": "xpath",
      "locatorValue": "//h1[text()='Recommendation Management']"
    },
    "lnkHealthRoundsDataCollection": {
      "locatorType": "xpath",
      "locatorValue": "//div[@class='left-subnav']//span[text()='Rounds Data Collection']"
    },
    "titleHealthRoundsDataCollection": {
      "locatorType": "xpath",
      "locatorValue": "//li[@class='test-border short-border active' and @title='RDC Overview']"
    },
    "lnkHealthRoundsDesigner": {
      "locatorType": "xpath",
      "locatorValue": "//div[@class='left-subnav']//span[text()='Rounds Designer']"
    },
    "titleHealthRoundsDesigner": {
      "locatorType": "xpath",
      "locatorValue": "//h1[text()='Rounds Designer Overview']"
    },
    "mnuReliability": {
      "locatorType": "xpath",
      "locatorValue": "//div[@class='left-nav-main-menu']//a[text()='Reliability']"
    },
    "lnkReliabilityAnalyticOrchestration": {
      "locatorType": "xpath",
      "locatorValue": "//div[@class='left-subnav']//span[text()='Analytic Orchestration']"
    },
    "titleReliabilityAnalyticOrchestration": {
      "locatorType": "xpath",
      "locatorValue": "//li[@class='test-border short-border active' and @title='Analytic Orchestration']"
    },
    "lnkReliabilityAnalytics": {
      "locatorType": "xpath",
      "locatorValue": "//div[@class='left-subnav']//span[text()='Analytics']"
    },
    "titleReliabilityAnalytics": {
      "locatorType": "xpath",
      "locatorValue": "//li[@class='test-border short-border active' and @title='Analytics']"
    },
    "lnkReliabilityAnalyticsAssetFilters": {
      "locatorType": "xpath",
      "locatorValue": "//div[@class='left-subnav']//span[text()='Asset Filters']"
    },
    "titleReliabilityAnalyticsAssetFilters": {
      "locatorType": "xpath",
      "locatorValue": "//li[@class='test-border short-border active' and @title='Analytics']"
    },
    "lnkReliabilityCaseTemplates": {
      "locatorType": "xpath",
      "locatorValue": "//div[@class='left-subnav']//span[text()='Case Templates']"
    },
    "titleReliabilityCaseTemplates": {
      "locatorType": "xpath",
      "locatorValue": "//li[@class='test-border short-border active' and @title='Case Templates']"
    },
    "lnkReliabilityCases": {
      "locatorType": "xpath",
      "locatorValue": "//div[@class='left-subnav']//span[text()='Cases']"
    },
    "titleReliabilityCases": {
      "locatorType": "xpath",
      "locatorValue": "//li[@class='test-border short-border active' and @title='Cases']"
    },
    "lnkReliabilityCasesUnclaimedCases": {
      "locatorType": "xpath",
      "locatorValue": "//div[@class='left-subnav']//span[text()='Unclaimed Cases']"
    },
    "titleReliabilityCasesUnclaimedCases": {
      "locatorType": "xpath",
      "locatorValue": "//li[@class='test-border short-border active' and @title='Cases']"
    },
    "lnkReliabilityCasesMyCases": {
      "locatorType": "xpath",
      "locatorValue": "//div[@class='left-subnav']//span[text()='My Cases']"
    },
    "titleReliabilityCasesMyCases": {
      "locatorType": "xpath",
      "locatorValue": "//li[@class='test-border short-border active' and @title='Cases']"
    },
    "lnkReliabilityCasesOpenCases": {
      "locatorType": "xpath",
      "locatorValue": "//div[@class='left-subnav']//span[text()='Open Cases']"
    },
    "titleReliabilityCasesOpenCases": {
      "locatorType": "xpath",
      "locatorValue": "//li[@class='test-border short-border active' and @title='Cases']"
    },
    "lnkReliabilityCasesAwaitingCases": {
      "locatorType": "xpath",
      "locatorValue": "//div[@class='left-subnav']//span[text()='Awaiting Cases']"
    },
    "titleReliabilityCasesAwaitingCases": {
      "locatorType": "xpath",
      "locatorValue": "//li[@class='test-border short-border active' and @title='Cases']"
    },
    "lnkReliabilityCasesClosedCases": {
      "locatorType": "xpath",
      "locatorValue": "//div[@class='left-subnav']//span[text()='Closed Cases']"
    },
    "titleReliabilityCasesClosedCases": {
      "locatorType": "xpath",
      "locatorValue": "//li[@class='test-border short-border active' and @title='Cases']"
    },
    "lnkReliabilityCasesAllCases": {
      "locatorType": "xpath",
      "locatorValue": "//div[@class='left-subnav']//span[text()='All Cases']"
    },
    "titleReliabilityCasesAllCases": {
      "locatorType": "xpath",
      "locatorValue": "//li[@class='test-border short-border active' and @title='Cases']"
    },
    "lnkReliabilityCognitiveAnalytics": {
      "locatorType": "xpath",
      "locatorValue": "//div[@class='left-subnav']//span[text()='Cognitive Analytics']"
    },
    "titleReliabilityCognitiveAnalytics": {
      "locatorType": "xpath",
      "locatorValue": "//h1[text()='Cognitive Analytics Overview']"
    },
    "lnkReliabilityGenerationAvailabilityAnalysis": {
      "locatorType": "xpath",
      "locatorValue": "//div[@class='left-subnav']//span[text()='Generation Availability Analysis']"
    },
    "titleReliabilityGenerationAvailabilityAnalysis": {
      "locatorType": "xpath",
      "locatorValue": "//h1[text()='Generation Availability Analysis']"
    },
    "lnkReliabilityProductionLossAnalysis": {
      "locatorType": "xpath",
      "locatorValue": "//div[@class='left-subnav']//span[text()='Production Loss Analysis']"
    },
    "titleReliabilityProductionLossAnalysis": {
      "locatorType": "xpath",
      "locatorValue": "//h1[text()='Production Loss Analysis']"
    },
    "lnkReliabilityReliabilityAnalytics": {
      "locatorType": "xpath",
      "locatorValue": "//div[@class='left-subnav']//span[text()='Reliability Analytics']"
    },
    "titleReliabilityReliabilityAnalytics": {
      "locatorType": "xpath",
      "locatorValue": "//h1[text()='Reliability Analytics']"
    },
    "lnkReliabilityRootCauseAnalysis": {
      "locatorType": "xpath",
      "locatorValue": "//div[@class='left-subnav']//span[text()='Root Cause Analysis']"
    },
    "titleReliabilityRootCauseAnalysis": {
      "locatorType": "xpath",
      "locatorValue": "//h1[text()='Root Cause Analysis']"
    },
    "mnuStrategy": {
      "locatorType": "xpath",
      "locatorValue": "//div[@class='left-nav-main-menu']//a[text()='Strategy']"
    },
    "lnkStrategyAssetStrategyImplementation": {
      "locatorType": "xpath",
      "locatorValue": "//div[@class='left-subnav']//span[text()='Asset Strategy Implementation']"
    },
    "titleStrategyAssetStrategyImplementation": {
      "locatorType": "xpath",
      "locatorValue": "//h1[@title='Asset Strategy Implementation']"
    },
    "lnkStrategyAssetStrategyManagement": {
      "locatorType": "xpath",
      "locatorValue": "//div[@class='left-subnav']//span[text()='Asset Strategy Management']"
    },
    "titleStrategyAssetStrategyManagement": {
      "locatorType": "xpath",
      "locatorValue": "//h1[@title='Asset Strategy Management']"
    },
    "lnkStrategyFailureModesandEffectsAnalysis": {
      "locatorType": "xpath",
      "locatorValue": "//div[@class='left-subnav']//span[text()='Failure Modes and Effects Analysis']"
    },
    "titleStrategyFailureModesandEffectsAnalysis": {
      "locatorType": "xpath",
      "locatorValue": "//h1[@title='Failure Mode and Effects Analysis']"
    },
    "lnkStrategyLifeCycleCostAnalysis": {
      "locatorType": "xpath",
      "locatorValue": "//div[@class='left-subnav']//span[text()='Life Cycle Cost Analysis']"
    },
    "titleStrategyLifeCycleCostAnalysis": {
      "locatorType": "xpath",
      "locatorValue": "//h1[@title='Life Cycle Cost Analysis Overview']"
    },
    "lnkStrategyReliabilityCenteredMaintenance": {
      "locatorType": "xpath",
      "locatorValue": "//div[@class='left-subnav']//span[text()='Reliability Centered Maintenance']"
    },
    "titleStrategyReliabilityCenteredMaintenance": {
      "locatorType": "xpath",
      "locatorValue": "//h1[@title='Reliability Centered Maintenance']"
    },
    "mnuIntegrity": {
      "locatorType": "xpath",
      "locatorValue": "//div[@class='left-nav-main-menu']//a[text()='Integrity']"
    },
    "lnkIntegrityHazardsAnalysis": {
      "locatorType": "xpath",
      "locatorValue": "//div[@class='left-subnav']//span[text()='Hazards Analysis']"
    },
    "titleIntegrityHazardsAnalysis": {
      "locatorType": "xpath",
      "locatorValue": "//h1[@title='Hazards Analysis Overview']"
    },
    "lnkIntegrityInspectionFieldDataCollection": {
      "locatorType": "xpath",
      "locatorValue": "//div[@class='left-subnav']//span[text()='Inspection Field Data Collection']"
    },
    "titleIntegrityInspectionFieldDataCollection": {
      "locatorType": "xpath",
      "locatorValue": "//h1[text()='Inspection Field Data Collection Overview']"
    },
    "lnkIntegrityInspectionManagement": {
      "locatorType": "xpath",
      "locatorValue": "//div[@class='left-subnav']//span[text()='Inspection Management']"
    },
    "titleIntegrityInspectionManagement": {
      "locatorType": "xpath",
      "locatorValue": "//h1[text()='Inspection Management Overview']"
    },
    "lnkIntegrityLayersofProtectionAnalysis": {
      "locatorType": "xpath",
      "locatorValue": "//div[@class='left-subnav']//span[text()='Layers of Protection Analysis']"
    },
    "titleIntegrityLayersofProtectionAnalysis": {
      "locatorType": "xpath",
      "locatorValue": "//h1[text()='LOPA Overview']"
    },
    "lnkIntegrityManagementofChange": {
      "locatorType": "xpath",
      "locatorValue": "//div[@class='left-subnav']//span[text()='Management of Change']"
    },
    "titleIntegrityManagementofChange": {
      "locatorType": "xpath",
      "locatorValue": "//h1[text()='MOC Overview']"
    },
    "lnkIntegrityMobileProofTesting": {
      "locatorType": "xpath",
      "locatorValue": "//div[@class='left-subnav']//span[text()='Mobile Proof Testing']"
    },
    "titleIntegrityMobileProofTesting": {
      "locatorType": "xpath",
      "locatorValue": "//h1[text()='Mobile Proof Testing']"
    },
    "lnkIntegrityRiskBasedInspection": {
      "locatorType": "xpath",
      "locatorValue": "//div[@class='left-subnav']//span[text()='Risk Based Inspection']"
    },
    "titleIntegrityRiskBasedInspection": {
      "locatorType": "xpath",
      "locatorValue": "//h1[text()='Risk Based Inspection Overview']"
    },
    "lnkIntegritySISManagement": {
      "locatorType": "xpath",
      "locatorValue": "//div[@class='left-subnav']//span[text()='SIS Management']"
    },
    "titleIntegritySISManagement": {
      "locatorType": "xpath",
      "locatorValue": "//h1[text()='SIS Management Overview']"
    },
    "lnkIntegrityThicknessMonitoring": {
      "locatorType": "xpath",
      "locatorValue": "//div[@class='left-subnav']//span[text()='Thickness Monitoring']"
    },
    "titleIntegrityThicknessMonitoring": {
      "locatorType": "xpath",
      "locatorValue": "//h1[text()='Thickness Monitoring Overview']"
    },
    "mnuTools": {
      "locatorType": "xpath",
      "locatorValue": "//div[@class='left-nav-main-menu']//a[text()='Tools']"
    },
    "lnkToolsAdvancedSearch": {
      "locatorType": "xpath",
      "locatorValue": "//div[@class='left-subnav']//span[text()='Advanced Search']"
    },
    "titleToolsAdvancedSearch": {
      "locatorType": "xpath",
      "locatorValue": "//h1[text()='Advanced Search']"
    },
    "lnkToolsCatalog": {
      "locatorType": "xpath",
      "locatorValue": "//div[@class='left-subnav']//span[text()='Catalog']"
    },
    "titleToolsCatalog": {
      "locatorType": "xpath",
      "locatorValue": "//li[@class='test-border short-border active' and @title='Catalog']"
    },
    "lnkToolsDataLoaders": {
      "locatorType": "xpath",
      "locatorValue": "//div[@class='left-subnav']//span[text()='Data Loaders']"
    },
    "titleToolsDataLoaders": {
      "locatorType": "xpath",
      "locatorValue": "//h1[text()='Data Loaders']"
    },
    "lnkToolsDatasets": {
      "locatorType": "xpath",
      "locatorValue": "//div[@class='left-subnav']//span[text()='Datasets']"
    },
    "titleToolsDatasets": {
      "locatorType": "xpath",
      "locatorValue": "//h1[text()='Dataset']"
    },
    "lnkToolsErrors": {
      "locatorType": "xpath",
      "locatorValue": "//div[@class='left-subnav']//span[text()='Errors']"
    },
    "titleToolsErrors": {
      "locatorType": "xpath",
      "locatorValue": "//li[@class='test-border short-border active' and @title='Log Viewer']"
    },
    "lnkToolsGEDashboards": {
      "locatorType": "xpath",
      "locatorValue": "//div[@class='left-subnav']//span[text()='GE Dashboards']"
    },
    "titleToolsGEDashboards": {
      "locatorType": "xpath",
      "locatorValue": "//li[@class='test-border short-border active' and @title='Dashboard']"
    },
    "lnkToolsGEDashboardsCardLibrary": {
      "locatorType": "xpath",
      "locatorValue": "//div[@class='left-subnav']//span[text()='Card Library']"
    },
    "titleToolsGEDashboardsCardLibrary": {
      "locatorType": "xpath",
      "locatorValue": "//li[@class='test-border short-border active' and @title='Dashboard']"
    },
    "lnkToolsGEDashboardsFavorites": {
      "locatorType": "xpath",
      "locatorValue": "//div[@class='left-subnav']//span[text()='Favorites']"
    },
    "titleToolsGEDashboardsFavorites": {
      "locatorType": "xpath",
      "locatorValue": "//li[@class='test-border short-border active' and @title='Dashboard']"
    },
    "lnkToolsGeneralDashboards": {
      "locatorType": "xpath",
      "locatorValue": "//div[@class='left-subnav']//span[text()='General Dashboards']"
    },
    "titleToolsGeneralDashboards": {
      "locatorType": "xpath",
      "locatorValue": "//h1[text()='Dashboards']"
    },
    "lnkToolsGraphs": {
      "locatorType": "xpath",
      "locatorValue": "//div[@class='left-subnav']//span[text()='Graphs']"
    },
    "titleToolsGraphs": {
      "locatorType": "xpath",
      "locatorValue": "//h1[text()='Graphs']"
    },
    "lnkToolsHyperlinkUtility": {
      "locatorType": "xpath",
      "locatorValue": "//div[@class='left-subnav']//span[text()='Hyperlink Utility']"
    },
    "titleToolsHyperlinkUtility": {
      "locatorType": "xpath",
      "locatorValue": "//div[text()='Hyperlink Utility']"
    },
    "lnkToolsMaps": {
      "locatorType": "xpath",
      "locatorValue": "//div[@class='left-subnav']//span[text()='Maps']"
    },
    "titleToolsMaps": {
      "locatorType": "xpath",
      "locatorValue": "//h1[text()='Maps']"
    },
    "lnkToolsMetricsandScorecards": {
      "locatorType": "xpath",
      "locatorValue": "//div[@class='left-subnav']//span[text()='Metrics and Scorecards']"
    },
    "titleToolsMetricsandScorecards": {
      "locatorType": "xpath",
      "locatorValue": "//h1[text()='Metrics and Scorecards']"
    },
    "lnkToolsPolicyDesigner": {
      "locatorType": "xpath",
      "locatorValue": "//div[@class='left-subnav']//span[text()='Policy Designer']"
    },
    "titleToolsPolicyDesigner": {
      "locatorType": "xpath",
      "locatorValue": "//h1[text()='Policy Designer Overview']"
    },
    "lnkToolsQueries": {
      "locatorType": "xpath",
      "locatorValue": "//div[@class='left-subnav']//span[text()='Queries']"
    },
    "titleToolsQueries": {
      "locatorType": "xpath",
      "locatorValue": "//h1[text()='Query']"
    },
    "lnkToolsRScripts": {
      "locatorType": "xpath",
      "locatorValue": "//div[@class='left-subnav']//span[text()='R Scripts']"
    },
    "titleToolsRScripts": {
      "locatorType": "xpath",
      "locatorValue": "//h1[text()='R Scripts']"
    },
    "lnkToolsReports": {
      "locatorType": "xpath",
      "locatorValue": "//div[@class='left-subnav']//span[text()='Reports']"
    },
    "titleToolsReports": {
      "locatorType": "xpath",
      "locatorValue": "//h1[text()='Report']"
    },
    "lnkToolsScripts": {
      "locatorType": "xpath",
      "locatorValue": "//div[@class='left-subnav']//span[text()='Scripts']"
    },
    "titleToolsScripts": {
      "locatorType": "xpath",
      "locatorValue": "//h1[text()='Scripts']"
    },
    "mnuAdmin": {
      "locatorType": "xpath",
      "locatorValue": "//div[@class='left-nav-main-menu']//a[text()='Admin']"
    },
    "lnkAdminApplicationSettings": {
      "locatorType": "xpath",
      "locatorValue": "//div[@class='left-subnav']//span[text()='Application Settings']"
    },
    "titleAdminApplicationSettings": {
      "locatorType": "xpath",
      "locatorValue": "//li[@class='test-border short-border active' and @title='Application Settings']"
    },
    "lnkAdminConfigurationManager": {
      "locatorType": "xpath",
      "locatorValue": "//div[@class='left-subnav']//span[text()='Configuration Manager']"
    },
    "titleAdminConfigurationManager": {
      "locatorType": "xpath",
      "locatorValue": "//li[@class='test-border short-border active' and @title='Configuration Manager']"
    },
    "lnkAdminOperationsManager": {
      "locatorType": "xpath",
      "locatorValue": "//div[@class='left-subnav']//span[text()='Operations Manager']"
    },
    "titleAdminOperationsManager": {
      "locatorType": "xpath",
      "locatorValue": "//li[@class='test-border short-border active' and @title='Operations Manager']"
    },
    "lnkAdminPredixAdministrator": {
      "locatorType": "xpath",
      "locatorValue": "//div[@class='left-subnav']//span[text()='Predix Administrator']"
    },
    "titleAdminPredixAdministrator": {
      "locatorType": "xpath",
      "locatorValue": "//li[@class='test-border short-border active' and @title='Administration']"
    },
    "lnkAdminAuditLogs": {
      "locatorType": "xpath",
      "locatorValue": "//div[@class='left-subnav']//span[text()='Audit Logs']"
    },
    "titleAdminAuditLogs": {
      "locatorType": "xpath",
      "locatorValue": "//li[@class='test-border short-border active' and @title='Audit Logs']"
    },
    "lnkAdminPermissionSets": {
      "locatorType": "xpath",
      "locatorValue": "//div[@class='left-subnav']//span[text()='Permission Sets']"
    },
    "titleAdminPermissionSets": {
      "locatorType": "xpath",
      "locatorValue": "//li[@class='test-border short-border active' and @title='Administration']"
    },
    "lnkAdminSetup": {
      "locatorType": "xpath",
      "locatorValue": "//div[@class='left-subnav']//span[text()='Setup']"
    },
    "titleAdminSetup": {
      "locatorType": "xpath",
      "locatorValue": "//li[@class='test-border short-border active' and @title='Setup']"
    },
    "lnkAdminTenantPreferences": {
      "locatorType": "xpath",
      "locatorValue": "//div[@class='left-subnav']//span[text()='Tenant Preferences']"
    },
    "titleAdminTenantPreferences": {
      "locatorType": "xpath",
      "locatorValue": "//li[@class='test-border short-border active' and @title='Tenant Preferences']"
    },
    "lnkAdminUsers": {
      "locatorType": "xpath",
      "locatorValue": "//div[@class='left-subnav']//span[text()='Users']"
    },
    "titleAdminUsers": {
      "locatorType": "xpath",
      "locatorValue": "//li[@class='test-border short-border active' and @title='Administration']"
    },
    "lnkAdminUserGroups": {
      "locatorType": "xpath",
      "locatorValue": "//div[@class='left-subnav']//span[text()='User Groups']"
    },
    "titleAdminUserGroups": {
      "locatorType": "xpath",
      "locatorValue": "//li[@class='test-border short-border active' and @title='Administration']"
    },
    "lnkAdminUserPreferences": {
      "locatorType": "xpath",
      "locatorValue": "//div[@class='left-subnav']//span[text()='User Preferences']"
    },
    "titleAdminUserPreferences": {
      "locatorType": "xpath",
      "locatorValue": "//li[@class='test-border short-border active' and @title='My Preferences']"
    },
    "lnkAdminUserProfile": {
      "locatorType": "xpath",
      "locatorValue": "//div[@class='left-subnav']//span[text()='User Profile']"
    },
    "titleAdminUserProfile": {
      "locatorType": "xpath",
      "locatorValue": "//li[@class='test-border short-border active' and @title='My Profile']"
    }
  },
  "landingPage": {
    "assetTab": {
      "locatorType": "linkText",
      "locatorValue": "Assets"
    },
    "casesTab": {
      "locatorType": "linkText",
      "locatorValue": "Cases"
    },
    "closedCases": {
      "locatorType": "linkText",
      "locatorValue": "Closed Cases"
    },
    "dashboardTab": {
      "locatorType": "linkText",
      "locatorValue": "Dashboard"
    },
    "analyticsCatalogTab": {
      "locatorType": "linkText",
      "locatorValue": "Analytics Catalog"
    },
    "analysisTab": {
      "locatorType": "linkText",
      "locatorValue": "Analysis"
    },
    "assetInstancesTab": {
      "locatorType": "linkText",
      "locatorValue": "Asset Instances"
    },
    "logoutArrow": {
      "locatorType": "css",
      "locatorValue": ".fa.fa-angle-up.pxh-login__caret-icon"
    },
    "logoutButton": {
      "locatorType": "linkText",
      "locatorValue": "Sign Out"
    },
    "ooConfigDashboardTab": {
      "locatorType": "xpath",
      "locatorValue": "//*[@id='js-navigation-OO-Config-Dashboard.0']/a/div[1]"
    }
  },
  "assetTenantPage": {
    "tenantName": {
      "locatorType": "css",
      "locatorValue": ".subtitle.style-scope.faceplate-detail"
    },
    "customerInfo": {
      "locatorType": "xpath",
      "locatorValue": "//*[@id='asset-table']/div[1]/div[1]/div"
    },
    "tagClassNameTableHeader": {
      "locatorType": "cssArray",
      "value": {
        "locatorValue": ".column-header.style-scope.asset-data-table",
        "index": 0
      }
    },
    "avidEnterpriseDiv": {
      "locatorType": "cssContainingText",
      "locatorCSS": ".flex__item.item-label.style-scope.px-context-browser",
      "locatorValue": "AViD ENTERPRISE"
    },
    "scrollerDiv": {
      "locatorType": "css",
      "locatorValue": ".scrollContent.style-scope.asset-data-table"
    },
    "initialDropdownArrow": {
      "locatorType": "css",
      "locatorValue": ".style-scope.px-context-browser.ng-binding"
    },
    "tenantDiv": {
      "locatorType": "xpath",
      "locatorValue": "//*[@id='null']"
    },
    "tenantDivSelected": {
      "locatorType": "css",
      "locatorValue": ".flex.flex--middle.selectable-item.style-scope.px-context-browser.selected"
    },
    "openButton": {
      "locatorType": "css",
      "locatorValue": ".opener.btn.btn--small.btn--tertiary.openable.style-scope.px-context-browser"
    },
    "tagName": {
      "locatorType": "cssArray",
      "value": {
        "locatorValue": ".style-scope.faceplate-detail",
        "index": 12
      }
    }
  },
  "casesPage": {
    "caseStatus": {
      "locatorType": "cssArray",
      "value": {
        "locatorValue": ".inbox-item-status.ng-binding",
        "index": 0
      }
    }
  },
  "wfvPage": {
    "username": {
      "locatorType": "id",
      "locatorValue": "USER"
    },
    "password": {
      "locatorType": "id",
      "locatorValue": "PASSWORD"
    },
    "signInButton": {
      "locatorType": "css",
      "locatorValue": "table#entry tbody tr td input.Submit"
    },
    "geLogo": {
      "locatorType": "css",
      "locatorValue": "span.ge-logo"
    },
    "customer": {
      "locatorType": "css",
      "locatorValue": "#fleet_table > tbody > tr:nth-child(2) > td.sorting_1 > a"
    },
    "fleetTable": {
      "locatorType": "id",
      "locatorValue": "fleet_table"
    },
    "section": {
      "locatorType": "id",
      "locatorValue": "reliability"
    },
    "dashboardLink": {
      "locatorType": "linkText",
      "locatorValue": "Dashboard"
    }
  },
  "angularjsHomepage": {
    "logo": {
      "locatorType": "xpath",
      "locatorValue": "/html/body/div[1]/div[1]/div/div[1]/img"
    },
    "username": {
      "locatorType": "id",
      "locatorValue": "username"
    },
    "password": {
      "locatorType": "id",
      "locatorValue": "password"
    }
  },
  "highChartsHomepage": {
    "timeSeriesChart": {
      "locatorType": "xpath",
      "locatorValue": "//*[@id='demos']/div/div[2]/div[2]/a/div/div[1]/img"
    },
    "contextNameList": {
      "locatorType": "css",
      "locatorValue": ".flex__item.item-label.style-scope.px-context-browser"
    }
  },
  "dashboardPage": {
    "contextNameList": {
      "locatorType": "css",
      "locatorValue": ".flex__item.item-label.style-scope.px-context-browser"
    },
    "e2eEdisonEnterpriseDiv": {
      "locatorType": "xpath",
      "locatorValue": "//*[@id='/enterprises/9e227b06-2035-4af6-99a4-0f5a0870e4cb']/span"
    },
    "azPrescottSiteDiv": {
      "locatorType": "xpath",
      "locatorValue": "//*[@id='/sites/01461c1c-d720-4ec0-abcc-0d8bca31f71c']/span"
    },
    "azPrescottSiteDivCheck": {
      "locatorType": "xpath",
      "locatorValue": "//*[@id='/sites/01461c1c-d720-4ec0-abcc-0d8bca31f71c']/span"
    },
    "azPrescottSiteButton": {
      "locatorType": "xpath",
      "locatorValue": "//*[@id='/sites/01461c1c-d720-4ec0-abcc-0d8bca31f71c']/button"
    },
    "dropDownDashboardCheck": {
      "locatorType": "css",
      "locatorValue": ".epsilon.style-scope.deck-selector"
    },
    "dropDownDashboard": {
      "locatorType": "css",
      "locatorValue": ".dropdown-text.style-scope.deck-selector"
    },
    "newDashboardNavigation": {
      "locatorType": "id",
      "locatorValue": "HyN4twpw"
    },
    "cardDiv": {
      "locatorType": "id",
      "locatorValue": "hideWrapper"
    },
    "graphWidgetContainerLink": {
      "locatorType": "id",
      "locatorValue": "analysisNavigation"
    },
    "graphWidgetContainer": {
      "locatorType": "cssArray",
      "value": {
        "locatorValue": ".u-m0.style-scope.px-chart",
        "index": 0
      }
    },
    "OOgraphWidgetContainer": {
      "locatorType": "cssArray",
      "value": {
        "locatorValue": ".u-m0.style-scope.px-chart",
        "index": 1
      }
    },
    "chartHeader": {
      "locatorType": "id",
      "locatorValue": "toFields"
    },
    "graphNewTab": {
      "locatorType": "css",
      "locatorValue": ".external-link.button-container.style-scope.graph-widget.enable-button"
    }
  },
  "highChartsDemopage": {
    "timeSeriesClicked": {
      "locatorType": "id",
      "locatorValue": "container"
    }
  },
  "analysisPage": {
    "avidChartEnterprise": {
      "locatorType": "cssContainingText",
      "locatorCSS": ".flex__item.item-label.style-scope.px-context-browser",
      "locatorValue": "AViD chart ENTERPRISE"
    },
    "avidChartSite": {
      "locatorType": "cssContainingText",
      "locatorCSS": ".flex__item.item-label.style-scope.px-context-browser",
      "locatorValue": "AViD chart SITE"
    },
    "avidChartSegment": {
      "locatorType": "cssContainingText",
      "locatorCSS": ".flex__item.item-label.style-scope.px-context-browser",
      "locatorValue": "AViD chart SEGMENT"
    },
    "avidChartAsset": {
      "locatorType": "cssContainingText",
      "locatorCSS": ".flex__item.item-label.style-scope.px-context-browser",
      "locatorValue": "AViD chart Asset"
    },
    "avidChartAssetChild02": {
      "locatorType": "cssContainingText",
      "locatorCSS": ".flex__item.item-label.style-scope.px-context-browser",
      "locatorValue": "AViD chart Asset Child02"
    },
    "avidChartAssetChild02Button": {
      "locatorType": "xpath",
      "locatorValue": "//*[@id='/assets/022b9d8d-a475-35e0-b2d9-0a2229700375']/button"
    },
    "fromDate": {
      "locatorType": "css",
      "locatorValue": "#fromDate > div > label > input"
    },
    "fromTime": {
      "locatorType": "css",
      "locatorValue": "#fromTime > div > label > input"
    },
    "toDate": {
      "locatorType": "css",
      "locatorValue": "#toDate > div > label > input"
    },
    "toTime": {
      "locatorType": "css",
      "locatorValue": "#toTime > div > label > input"
    },
    "svgCheck": {
      "locatorType": "css",
      "locatorValue": ".plotted-tag-header.style-scope.plotted-tag-list"
    },
    "submitButton": {
      "locatorType": "id",
      "locatorValue": "submitButton"
    }
  },
  "OODashPage": {
    "bpAssetEnterpriseForTest": {
      "locatorType": "cssContainingText",
      "locatorCSS": ".flex__item.item-label.style-scope.px-context-browser",
      "locatorValue": "BP ASSET ENTERPRISE FOR TEST"
    },
    "bpCaNorthSite": {
      "locatorType": "cssContainingText",
      "locatorCSS": ".flex__item.item-label.style-scope.px-context-browser",
      "locatorValue": "BP-CA-NORTH-SITE"
    },
    "bpCaNorthSiteButton": {
      "locatorType": "xpath",
      "locatorValue": "//*[@id='/sites/afaf7f44-4215-3cbf-9add-468be9c513f3']/button"
    },
    "menuDropDownArrow": {
      "locatorType": "css",
      "locatorValue": ".fa.fa-caret-down.style-scope.deck-selector"
    },
    "ooDashboard": {
      "locatorType": "id",
      "locatorValue": "SkQzGH-Y"
    }
  },
  "homePage": {
    "globalSearchIcon": {
      "locatorType": "xpath",
      "locatorValue": "//span[@class='right-top-icon-two']//i[@class='icon-global-search']"
    },
    "globalSearchTextBox": {
      "locatorType": "xpath",
      "locatorValue": "//input[@class='form-control search-input']"
    },
    "searchButton": {
      "locatorType": "xpath",
      "locatorValue": "//button[@class='btn search-options-current-selection']"
    },
    "ooDashbsdfsdfsoard": {
      "locatorType": "id",
      "locatorValue": "SkQzGH-Y"
    },
    "createRecord": {
      "locatorType": "xpath",
      "locatorValue": "//i[@class='icon-add-record']"
    },
    "createRecordText": {
      "locatorType": "xpath",
      "locatorValue": "//i[@class='icon-add-record']"
    },
    "globalNewRecord":{
      "locatorType": "xpath",
      "locatorValue": "(//section[@class='global-search'])[2]//input[@type='text']"
  },
    "globalSearchFamily":{
      "locatorType": "xpath",
      "locatorValue": "//i[@class='icon-search']"
    },
    "searchResult":{
      "locatorType": "xpath",
      "locatorValue": "(//section[@class='global-search-results-add-rm']//li)[1]"
    }
  },
  "loginMeridium": {
    "userName": {
      "locatorType": "xpath",
      "locatorValue": "//input[@id='userid']"
    },
    "password": {
      "locatorType": "xpath",
      "locatorValue": "//input[@id='password']"
    },
    "loginButton": {
      "locatorType": "xpath",
      "locatorValue": "//span[text()='Sign-in']"
    }
  },
  "tempDelete": {
    "health": {
      "locatorType": "xpath",
      "locatorValue": "//a[text()='Health']"
    },
    "ACA": {
      "locatorType": "xpath",
      "locatorValue": "//span[text()='Asset Criticality Analysis']"
    },
    "newAnalysis": {
      "locatorType": "xpath",
      "locatorValue": "//button[text()='New Analysis']"
    },
    "dataSheetTitle": {
      "locatorType": "xpath",
      "locatorValue": "//button[text()='New Analysis']"
    }
  },
  "globalSearch": {
    "searchIcon": {
      "locatorType": "xpath",
      "locatorValue": "//div[@class='top-nav-right-icons']//i[@class='icon-global-search']"
    },
    "searchInput": {
      "locatorType": "xpath",
      "locatorValue": "//input[@class='form-control search-input']"
    },
    "innerSearchIcon": {
      "locatorType": "xpath",
      "locatorValue": "//div[@class='btn-group search-options']//i[@class='icon-global-search']"
    },
    "dataSheetTitle": {
      "locatorType": "xpath",
      "locatorValue": "//button[text()='New Analysis']"
    },
    "filterDropdown": {
      "locatorType": "xpath",
      "locatorValue": "//button[@class='btn dropdown-toggle']"
    },
    "lnkFrstFilteredSearch": {
      "locatorType":"xpath",
      "locatorValue":"//section[@class='global-search-results filtered']//li[1]//div[@class='result block']/h4/a"
    },
    "filter": {
      "locatorType": "xpath",
      "locatorValue": "//button[@title='Filtered Search']"
    },
    "allFamiliesText": {
      "locatorType": "xpath",
      "locatorValue": "(//input[@class='mi-selected-value-text pull-left'])[1]"
    },
    "linkedToDropText": {
      "locatorType": "xpath",
      "locatorValue": "(//input[@class='mi-selected-value-text pull-left'])[2]"
    }
  },
  "login": {
    "username": {
      "locatorType": "xpath",
      "locatorValue": "(//input[@id='userid'])|(//input[@name='username'])"
    },
    "password": {
      "locatorType": "xpath",
      "locatorValue": "(//input[@id='password'])|(//input[@name='password'])"
    },
    "signin": {
      "locatorType": "xpath",
      "locatorValue": "(//input[@value='Sign in'])|(//span[text()='Sign-in'])"
    },
    "database": {
      "locatorType": "xpath",
      "locatorValue": "//select"
    },
    "signout": {
      "locatorType": "linkText",
      "locatorValue": "Sign Out"
    }
  },
  "toastMessages": {
    "successElement": {
      "locatorType": "xpath",
      "locatorValue": "//div[@class='toast-container']/div[@class='toast toast-success']/div[@class='toast-message]"
    },
    "errorElement": {
      "locatorType": "xpath",
      "locatorValue": "//div[@id='toast-container']/div[@class='toast toast-error']/div[@class='toast-message']"
    },
    "warningElement": {
      "locatorType": "xpath",
      "locatorValue": "//div[@id='toast-container']/div[@class='toast toast-warning']/div[@class='toast-message']"
    }
  },
  "riskMatrix":{
    "totalRisk":{
      "locatorType":"xpath",
      "locatorValue":"//div[@class='total-risk']/span"
    },
    "assignedUmMitigatedRisk":{
      "locatorType":"xpath",
      "locatorValue":"//i[@class='icon-riskmatrix-exclamation']/parent::div"
    },
    "assignedMitigatedRisk":{
      "locatorType":"xpath",
      "locatorValue":"//i[@class='icon-riskmatrix-tick']/parent::div"
    },
    "RiskCategoryValue":{
      "locatorType":"xpath",
      "locatorValue":"//li[@title='riskValue']//span"
    }
  }
}

